{
    "1": {
        "basis": "avdz",
        "dEe": 5.082405182488685,
        "dEoh": 4.4128626824886865,
        "dre": 0.596999999999992,
        "dw": 96.33660000000009,
        "number": "1",
        "rm": 0.9670030000000001,
        "wm": 3822.1099
    },
    "10": {
        "basis": "avdz",
        "dEe": 8.074081693741277,
        "dEoh": 7.281549193741277,
        "dre": 1.6639999999999988,
        "dw": 313.9096999999997,
        "number": "10",
        "rm": 0.968784,
        "wm": 3803.4395999999997
    },
    "11": {
        "basis": "avdz",
        "dEe": 4.054496378225565,
        "dEoh": 3.7125088782255626,
        "dre": 0.5759999999999987,
        "dw": 98.32829999999967,
        "number": "11",
        "rm": 0.967128,
        "wm": 3820.8911
    },
    "2": {
        "basis": "avdz",
        "dEe": 5.3392380396779515,
        "dEoh": 4.74499553967795,
        "dre": 0.6651999999999991,
        "dw": 110.0340000000001,
        "number": "2",
        "rm": 0.968538,
        "wm": 3796.6452
    },
    "3": {
        "basis": "avdz",
        "dEe": 5.377175924135855,
        "dEoh": 4.782933424135853,
        "dre": 0.6758000000000042,
        "dw": 110.71090000000004,
        "number": "3",
        "rm": 0.967363,
        "wm": 3815.9951
    },
    "4": {
        "basis": "avdz",
        "dEe": 5.777466720710578,
        "dEoh": 5.374611720710558,
        "dre": 0.7660000000000111,
        "dw": 133.99170000000004,
        "number": "4",
        "rm": 0.9692439999999999,
        "wm": 3783.8959
    },
    "5": {
        "basis": "avdz",
        "dEe": 6.27586015817414,
        "dEoh": 5.537920158174142,
        "dre": 0.9570999999999996,
        "dw": 169.96710000000076,
        "number": "5",
        "rm": 0.968573,
        "wm": 3821.187500000001
    },
    "6": {
        "basis": "avdz",
        "dEe": 3.618046960975505,
        "dEoh": 3.1354994609755016,
        "dre": 0.3442999999999863,
        "dw": 50.21680000000015,
        "number": "6",
        "rm": 0.9671060000000001,
        "wm": 3822.3086000000003
    },
    "7": {
        "basis": "avdz",
        "dEe": 6.737741234353081,
        "dEoh": 5.95462123435309,
        "dre": 1.0116999999999932,
        "dw": 180.73140000000012,
        "number": "7",
        "rm": 0.968925,
        "wm": 3815.4101
    },
    "8": {
        "basis": "avdz",
        "dEe": 3.508695322098845,
        "dEoh": 3.03367782209884,
        "dre": 0.31079999999999997,
        "dw": 46.136499999999614,
        "number": "8",
        "rm": 0.968896,
        "wm": 3793.4988999999996
    },
    "9": {
        "basis": "avdz",
        "dEe": 1.3922109885604073,
        "dEoh": 0.9391559885604157,
        "dre": 0.21640000000001658,
        "dw": 37.641000000000076,
        "number": "9",
        "rm": 0.9711359999999999,
        "wm": 3783.3978
    }
}