{
    "divinylaminecc_h2o_avdz": {
        "acceptor": "h2o",
        "acceptor_energy": -76.260909722403,
        "acceptor_energy_a": -76.23992804909622,
        "acceptor_energy_h": -76.239582722403,
        "basis": "avdz",
        "dEe": 6.064239502352109,
        "dEoa": 3.8542395023521183,
        "dEoh": 4.855674502352111,
        "dimer_energy": -286.97632355451,
        "dimer_energy_a": -286.8507872995299,
        "dimer_energy_h": -286.85055555451,
        "dimer_r": 1.015106,
        "dimer_v": 3381.108,
        "dimer_w": 3597.379,
        "donor": "divinylaminecc",
        "donor_energy": -210.70574970541,
        "donor_energy_a": -210.6047170360873,
        "donor_energy_h": -210.60323470541,
        "donor_r": 1.01057,
        "donor_v": 3498.536,
        "donor_w": 3670.979,
        "dre": 0.45360000000000955,
        "dv": 117.42799999999988,
        "dw": 73.59999999999991
    },
    "divinylaminecc_nh3_avdz": {
        "acceptor": "nh3",
        "acceptor_energy": -56.404889872442,
        "acceptor_energy_a": -56.370724135390205,
        "acceptor_energy_h": -56.370501872442,
        "basis": "avdz",
        "dEe": 7.837703659739077,
        "dEoa": 6.682703659739086,
        "dEoh": 6.364333659739066,
        "dimer_energy": -267.12312994225,
        "dimer_energy_a": -266.9860908984253,
        "dimer_energy_h": -266.98387894225,
        "dimer_r": 1.022528,
        "dimer_v": 2289.123,
        "dimer_w": 3446.638,
        "donor": "divinylaminecc",
        "donor_energy": -210.70574970541,
        "donor_energy_a": -210.6047170360873,
        "donor_energy_h": -210.60323470541,
        "donor_r": 1.01057,
        "donor_v": 3498.536,
        "donor_w": 3670.979,
        "dre": 1.1958000000000135,
        "dv": 212.045,
        "dw": 224.3409999999999
    },
    "divinylaminect_h2o_avdz": {
        "acceptor": "h2o",
        "acceptor_energy": -76.260909722403,
        "acceptor_energy_a": -76.23992804909622,
        "acceptor_energy_h": -76.239582722403,
        "basis": "avdz",
        "dEe": 5.831726650088598,
        "dEoa": 4.858726650088592,
        "dEoh": 4.612494150088606,
        "dimer_energy": -286.97750733308,
        "dimer_energy_a": -286.8544507593748,
        "dimer_energy_h": -286.85226833307996,
        "dimer_r": 1.017048,
        "dimer_v": 3428.512,
        "dimer_w": 3571.179,
        "donor": "divinylaminect",
        "donor_energy": -210.70730402239,
        "donor_energy_a": -210.60677971960115,
        "donor_energy_h": -210.60533502239,
        "donor_r": 1.012969,
        "donor_v": 3480.851,
        "donor_w": 3641.069,
        "dre": 0.4078999999999944,
        "dv": 52.33899999999994,
        "dw": 69.88999999999987
    },
    "divinylaminect_nh3_avdz": {
        "acceptor": "nh3",
        "acceptor_energy": -56.404889872442,
        "acceptor_energy_a": -56.370724135390205,
        "acceptor_energy_h": -56.370501872442,
        "basis": "avdz",
        "dEe": 7.568579646269313,
        "dEoa": 6.528579646269321,
        "dEoh": 6.142899646269315,
        "dimer_energy": -267.12425537634,
        "dimer_energy_a": -266.98790796598144,
        "dimer_energy_h": -266.98562637634,
        "dimer_r": 1.023823,
        "dimer_v": 3121.284,
        "dimer_w": 3434.647,
        "donor": "divinylaminect",
        "donor_energy": -210.70730402239,
        "donor_energy_a": -210.60677971960115,
        "donor_energy_h": -210.60533502239,
        "donor_r": 1.012969,
        "donor_v": 3480.851,
        "donor_w": 3641.069,
        "dre": 1.085399999999992,
        "dv": 221.413,
        "dw": 206.42200000000003
    },
    "divinylaminett_h2o_avdz": {
        "acceptor": "h2o",
        "acceptor_energy": -76.260909722403,
        "acceptor_energy_a": -76.23992804909622,
        "acceptor_energy_h": -76.239582722403,
        "basis": "avdz",
        "dEe": 5.837242481763525,
        "dEoa": 4.874242481763532,
        "dEoh": 4.5006674817635295,
        "dimer_energy": -286.97845590083,
        "dimer_energy_a": -286.8555570960491,
        "dimer_energy_h": -286.85335790083,
        "dimer_r": 1.019953,
        "dimer_v": 3392.577,
        "dimer_w": 3534.178,
        "donor": "divinylaminett",
        "donor_energy": -210.70824379997,
        "donor_energy_a": -210.6078613298505,
        "donor_energy_h": -210.60660279997,
        "donor_r": 1.01506,
        "donor_v": 3443.801,
        "donor_w": 3614.045,
        "dre": 0.4893000000000036,
        "dv": 51.223999999999705,
        "dw": 79.86700000000019
    },
    "divinylaminett_nh3_avdz": {
        "acceptor": "nh3",
        "acceptor_energy": -56.404889872442,
        "acceptor_energy_a": -56.370724135390205,
        "acceptor_energy_h": -56.370501872442,
        "basis": "avdz",
        "dEe": 7.589204479423728,
        "dEoa": 6.509204479423735,
        "dEoh": 6.095126979423732,
        "dimer_energy": -267.12522802218,
        "dimer_energy_a": -266.98895869947086,
        "dimer_energy_h": -266.98681802218,
        "dimer_r": 1.027071,
        "dimer_v": 3215.361,
        "dimer_w": 3392.994,
        "donor": "divinylaminett",
        "donor_energy": -210.70824379997,
        "donor_energy_a": -210.6078613298505,
        "donor_energy_h": -210.60660279997,
        "donor_r": 1.01506,
        "donor_v": 3443.801,
        "donor_w": 3614.045,
        "dre": 1.2010999999999994,
        "dv": 224.052,
        "dw": 221.05099999999993
    },
    "imine_h2o_avdz": {
        "acceptor": "h2o",
        "acceptor_energy": -76.260909722403,
        "acceptor_energy_a": -76.23992804909622,
        "acceptor_energy_h": -76.239582722403,
        "basis": "avdz",
        "dEe": 3.4709613694707997,
        "dEoa": 2.451961369470803,
        "dEoh": 2.280593869470798,
        "dimer_energy": -170.62931996465,
        "dimer_energy_a": -170.5673088092715,
        "dimer_energy_h": -170.56609896465,
        "dimer_r": 1.029574,
        "dimer_v": 3288.529,
        "dimer_w": 3457.947,
        "donor": "imine",
        "donor_energy": -94.362878829706,
        "donor_energy_a": -94.32347325201677,
        "donor_energy_h": -94.322881829706,
        "donor_r": 1.028921,
        "donor_v": 3284.459,
        "donor_w": 3456.03,
        "dre": 0.06530000000000147,
        "dv": -4.070000000000164,
        "dw": -1.9169999999999163
    },
    "imine_h2o_avtz": {
        "acceptor": "h2o",
        "acceptor_energy": -76.328992281222,
        "acceptor_energy_a": -76.30791020950885,
        "acceptor_energy_h": -76.307585281222,
        "basis": "avtz",
        "dEe": 3.366035385164423,
        "dEoa": 2.421035385164425,
        "dEoh": 2.2246128851644222,
        "dimer_energy": -170.78117894535,
        "dimer_energy_a": -170.7190371126807,
        "dimer_energy_h": -170.71784694535,
        "dimer_r": 1.021327,
        "dimer_v": 3312.604,
        "dimer_w": 3473.211,
        "donor": "imine",
        "donor_energy": -94.446822464311,
        "donor_energy_a": -94.40726867945044,
        "donor_energy_h": -94.406716464311,
        "donor_r": 1.020404,
        "donor_v": 3312.118,
        "donor_w": 3476.9,
        "dre": 0.09230000000000071,
        "dv": -0.4859999999998763,
        "dw": 3.6890000000003056
    },
    "imine_nh3_avdz": {
        "acceptor": "nh3",
        "acceptor_energy": -56.404889872442,
        "acceptor_energy_a": -56.370724135390205,
        "acceptor_energy_h": -56.370501872442,
        "basis": "avdz",
        "dEe": 4.444834680954628,
        "dEoa": 3.5578346809546337,
        "dEoh": 3.167872180954631,
        "dimer_energy": -150.77485210403,
        "dimer_energy_a": -150.69986724347223,
        "dimer_energy_h": -150.69843210403,
        "dimer_r": 1.032724,
        "dimer_v": 3124.521,
        "dimer_w": 3396.593,
        "donor": "imine",
        "donor_energy": -94.362878829706,
        "donor_energy_a": -94.32347325201677,
        "donor_energy_h": -94.322881829706,
        "donor_r": 1.028921,
        "donor_v": 3284.459,