{
    "1": {
        "basis": "avdz",
        "dEe": 11.29511295001869,
        "dEoh": 10.789975450018694,
        "dre": 3.0320000000000014,
        "dw": 611.8800000000006,
        "number": "1",
        "rm": 0.97152,
        "wm": 3758.2700000000004
    },
    "13": {
        "basis": "avdz",
        "dEe": 9.927112750008362,
        "dEoh": 9.606460250008364,
        "dre": 2.7770000000000072,
        "dw": 532.8899999999999,
        "number": "13",
        "rm": 0.97161,
        "wm": 3775.9
    },
    "14": {
        "basis": "avdz",
        "dEe": 11.377899024935232,
        "dEoh": 10.927354024935225,
        "dre": 3.0019999999999936,
        "dw": 600.1100000000001,
        "number": "14",
        "rm": 0.97208,
        "wm": 3751.1400000000003
    },
    "2": {
        "basis": "avdz",
        "dEe": 13.029667275016692,
        "dEoh": 12.788707275016694,
        "dre": 3.4969999999999835,
        "dw": 697.4399999999996,
        "number": "2",
        "rm": 0.9712700000000002,
        "wm": 3758.6899999999996
    },
    "3": {
        "basis": "avdz",
        "dEe": 11.344064225007102,
        "dEoh": 10.848966725007113,
        "dre": 2.821000000000018,
        "dw": 536.6899999999996,
        "number": "3",
        "rm": 0.9712499999999998,
        "wm": 3760.7599999999998
    },
    "5": {
        "basis": "avdz",
        "dEe": 10.386944749978113,
        "dEoh": 10.157907249978111,
        "dre": 2.707000000000004,
        "dw": 549.1800000000003,
        "number": "5",
        "rm": 0.97168,
        "wm": 3755.17
    },
    "6": {
        "basis": "avdz",
        "dEe": 12.66653930001823,
        "dEoh": 12.18336430001823,
        "dre": 3.5270000000000135,
        "dw": 688.3300000000004,
        "number": "6",
        "rm": 0.9703299999999999,
        "wm": 3779.3600000000006
    },
    "7": {
        "basis": "avdz",
        "dEe": 9.874195675030677,
        "dEoh": 9.379725675030674,
        "dre": 2.584999999999993,
        "dw": 515.3899999999994,
        "number": "7",
        "rm": 0.9709300000000001,
        "wm": 3772.3999999999996
    },
    "8c": {
        "basis": "avdz",
        "dEe": 11.757856549979664,
        "dEoh": 11.36190404997967,
        "dre": 3.665000000000007,
        "dw": 725.4300000000003,
        "number": "8c",
        "rm": 0.97288,
        "wm": 3739.11
    },
    "8t": {
        "basis": "avdz",
        "dEe": 11.548773549979643,
        "dEoh": 11.08442354997964,
        "dre": 3.312999999999988,
        "dw": 658.4699999999993,
        "number": "8t",
        "rm": 0.9725600000000001,
        "wm": 3745.2399999999993
    }
}