{
    "az_nh3_avdz": {
        "acceptor": "nh3",
        "acceptor_energy": -56.404889872442,
        "acceptor_energy_a": -56.370724135390205,
        "acceptor_energy_h": -56.370501872442,
        "basis": "avdz",
        "dEe": 4.8574332725318925,
        "dEoa": 4.040433272531903,
        "dEoh": 3.7178932725318936,
        "dimer_energy": -189.9406859013,
        "dimer_energy_a": -189.83577434751513,
        "dimer_energy_h": -189.8340549013,
        "dimer_r": 1.027153,
        "dimer_v": 3173.25,
        "dimer_w": 3453.258,
        "donor": "az",
        "donor_energy": -133.52805509934,
        "donor_energy_a": -133.45861127463883,
        "donor_energy_h": -133.45762809934,
        "donor_r": 1.023264,
        "donor_v": 3336.726,
        "donor_w": 3514.382,
        "dre": 0.38890000000000313,
        "dv": 46.426,
        "dw": 61.12400000000025
    },
    "az_nh3_avtz": {
        "acceptor": "nh3",
        "acceptor_energy": -56.460540520131,
        "acceptor_energy_a": -56.426534145629006,
        "acceptor_energy_h": -56.425965520131,
        "basis": "avtz",
        "dEe": 4.450077792981091,
        "dEoa": 3.3800777929810937,
        "dEoh": 3.357600292981087,
        "dimer_energy": -190.12037478427,
        "dimer_energy_a": -190.01475566076402,
        "dimer_energy_h": -190.01318178427002,
        "dimer_r": 1.019398,
        "dimer_v": 3147.392,
        "dimer_w": 3464.278,
        "donor": "az",
        "donor_energy": -133.6527425067,
        "donor_energy_a": -133.58283493697888,
        "donor_energy_h": -133.5818655067,
        "donor_r": 1.014611,
        "donor_v": 3370.623,
        "donor_w": 3541.496,
        "dre": 0.4787000000000097,
        "dv": 58.449,
        "dw": 77.2180000000003
    },
    "meoh_h2o_avdz": {
        "acceptor": "h2o",
        "acceptor_energy": -76.260909722403,
        "acceptor_energy_a": -76.23992804909622,
        "acceptor_energy_h": -76.239582722403,
        "basis": "avdz",
        "dEe": 5.371980523470299,
        "dEoa": 3.9449805234702993,
        "dEoh": 3.782523023470303,
        "dimer_energy": -191.69140142433,
        "dimer_energy_a": -191.61738548807503,
        "dimer_energy_h": -191.61596142433,
        "dimer_r": 0.971794,
        "dimer_v": 3464.011,
        "dimer_w": 3722.195,
        "donor": "meoh",
        "donor_energy": -115.42193077679,
        "donor_energy_a": -115.37117061742745,
        "donor_energy_h": -115.37035077679,
        "donor_r": 0.96572,
        "donor_v": 3655.28,
        "donor_w": 3841.963,
        "dre": 0.6074000000000024,
        "dv": 92.525,
        "dw": 119.76800000000003
    },
    "meoh_h2o_avtz": {
        "acceptor": "h2o",
        "acceptor_energy": -76.328992281222,
        "acceptor_energy_a": -76.30791020950885,
        "acceptor_energy_h": -76.307585281222,
        "basis": "avtz",
        "dEe": 5.256741755514511,
        "dEoa": 3.8287417555145113,
        "dEoh": 3.6779517555145174,
        "dimer_energy": -191.866377265,
        "dimer_energy_a": -191.79193742436257,
        "dimer_energy_h": -191.790587265,
        "dimer_r": 0.967261,
        "dimer_v": 3484.662,
        "dimer_w": 3738.12,
        "donor": "meoh",
        "donor_energy": -115.52900770608,
        "donor_energy_a": -115.47792563436684,
        "donor_energy_h": -115.47714070608,
        "donor_r": 0.96109,
        "donor_v": 3686.822,
        "donor_w": 3860.339,
        "dre": 0.6171000000000038,
        "dv": 94.841,
        "dw": 122.21900000000005
    },
    "meoh_nh3_avdz": {
        "acceptor": "nh3",
        "acceptor_energy": -56.404889872442,
        "acceptor_energy_a": -56.370724135390205,
        "acceptor_energy_h": -56.370501872442,
        "basis": "avdz",
        "dEe": 7.29498878660003,
        "dEoa": 5.94498878660003,
        "dEoh": 5.586306286600028,
        "dimer_energy": -171.83844612937,
        "dimer_energy_a": -171.75136883853335,
        "dimer_energy_h": -171.74975512937,
        "dimer_r": 0.978453,
        "dimer_v": 3397.89,
        "dimer_w": 3578.234,
        "donor": "meoh",
        "donor_energy": -115.42193077679,
        "donor_energy_a": -115.37117061742745,
        "donor_energy_h": -115.37035077679,
        "donor_r": 0.96572,
        "donor_v": 3655.28,
        "donor_w": 3841.963,
        "dre": 1.2732999999999994,
        "dv": 254.937,
        "dw": 263.72900000000027
    },
    "meoh_nh3_avtz": {
        "acceptor": "nh3",
        "acceptor_energy": -56.460540520131,
        "acceptor_energy_a": -56.426534145629006,
        "acceptor_energy_h": -56.425965520131,
        "basis": "avtz",
        "dEe": 6.988189014875985,
        "dEoa": 4.645189014875987,
        "dEoh": 5.300841514875987,
        "dimer_energy": -172.00068478241,
        "dimer_energy_a": -171.91186247165302,
        "dimer_energy_h": -171.91155378240998,
        "dimer_r": 0.97429,
        "dimer_v": 3632.89,
        "dimer_w": 3591.191,
        "donor": "meoh",
        "donor_energy": -115.52900770608,
        "donor_energy_a": -115.47792563436684,
        "donor_energy_h": -115.47714070608,
        "donor_r": 0.96109,
        "donor_v": 3686.822,
        "donor_w": 3860.339,
        "dre": 1.319999999999999,
        "dv": 248.632,
        "dw": 269.14800000000014
    },
    "nme2h_nh3_avdz": {
        "acceptor": "nh3",
        "acceptor_energy": -56.404889872442,
        "acceptor_energy_a": -56.370724135390205,
        "acceptor_energy_h": -56.370501872442,
        "basis": "avdz",
        "dEe": 4.275357909684274,
        "dEoa": 3.5793579096842607,
        "dEoh": 3.271985409684281,
        "dimer_energy": -191.16141726616,
        "dimer_energy_a": -191.03458220639902,
        "dimer_energy_h": -191.03250326615998,
        "dimer_r": 1.023487,
        "dimer_v": 3043.14,
        "dimer_w": 3474.08,
        "donor": "nme2h",
        "donor_energy": -134.74971407434,
        "donor_energy_a": -134.65815391497745,
        "donor_energy_h": -134.65678707434,
        "donor_r": 1.020211,
        "donor_v": 3367.758,
        "donor_w": 3535.852,
        "dre": 0.32760000000000566,
        "dv": 36.558,
        "dw": 49.436
    },
    "nme2h_nh3_avtz": {
        "acceptor": "nh3",
        "acceptor_energy": -56.460540520131,
        "acceptor_energy_a": -56.426534145629006,
        "acceptor_energy_h": -56.425965520131,
        "basis": "avtz",
        "dEe": 3.7650967096683274,
        "dEoa": 2.8390967096683157,
        "dEoh": 2.8075317096683277,
        "dimer_energy": -191.34774106048,
        "dimer_energy_a": -191.22015062223298,
        "dimer_energy_h": -191.21818306048,
        "dimer_r": 1.016315,
        "dimer_v": 2598.976,
        "dimer_w": 3493.685,
        "donor": "nme2h",
        "donor_energy": -134.88120038623,
        "donor_energy_a": -134.78909201969614,
        "donor_energy_h": -134.78774338623,
        "donor_r": 1.012413,
        "donor_v": 3398.114,
        "donor_w": 3557.57,
        "dre": 0.3902000000000072,
        "dv": 39.903,
        "dw": 56.036
    },
    "nmeh2_nh3_avdz": {
        "acceptor": "nh3",
        "acceptor_energy": -56.404889872442,
        "acceptor_energy_a": -56.370724135390205,
        "acceptor_energy_h": -56.370501872442,
        "basis": "avdz",
        "dEe": 3.8516842141820007,
        "dEoa": 3.0476842141820084,
        "dEoh": 2.6770042141820016,
        "dimer_energy": -151.9846660193,
        "dimer_energy_a": -151.88580386790557,
        "dimer_energy_h": -151.8839800193,
        "dimer_r": 1.023228,
        "dimer_v": 3759.862,
        "dimer_w": 3473.572,
        "donor": "nmeh2",
        "donor_energy": -95.573638004684,
        "donor_energy_a": -95.51022286524177,
        "donor_energy_h": -95.509212004684,
        "donor_r": 1.020142,
        "donor_v": 3391.9080000000004,
        "donor_w": 3559.535,
        "dre": 0.3085999999999922,
        "dv": 43.534,
        "dw": 47.911
    },
    "nmeh2_nh3_avtz": {
        "acceptor": "nh3",