{
    "enoloneco2_h2o_avdz": {
        "acceptor": "h2o",
        "acceptor_energy": -76.260909722403,
        "acceptor_energy_a": -76.23992804909622,
        "acceptor_energy_h": -76.239582722403,
        "basis": "avdz",
        "dEe": 9.19175162880336,
        "dEoa": 7.482751628803356,
        "dEoh": 7.318036628803358,
        "dimer_energy": -342.73604889623,
        "dimer_energy_a": -342.64673096794314,
        "dimer_energy_h": -342.64527089623,
        "dimer_r": 0.978463,
        "dimer_v": 3412.308,
        "dimer_w": 3584.974,
        "donor": "enoloneco2",
        "donor_energy": -266.46049096406,
        "donor_energy_a": -266.394878215056,
        "donor_energy_h": -266.39402596406,
        "donor_r": 0.966208,
        "donor_v": 3644.314,
        "donor_w": 3838.674,
        "dre": 1.2255000000000016,
        "dv": 232.00599999999986,
        "dw": 253.69999999999982
    },
    "enoloneco2_nh3_avdz": {
        "acceptor": "nh3",
        "acceptor_energy": -56.404889872442,
        "acceptor_energy_a": -56.370724135390205,
        "acceptor_energy_h": -56.370501872442,
        "basis": "avdz",
        "dEe": 12.515559058823982,
        "dEoa": 10.82555905882397,
        "dEoh": 10.521364058823982,
        "dimer_energy": -322.88532595054,
        "dimer_energy_a": -322.7828542373926,
        "dimer_energy_h": -322.78129495054,
        "dimer_r": 0.994091,
        "dimer_v": 3108.242,
        "dimer_w": 3246.834,
        "donor": "enoloneco2",
        "donor_energy": -266.46049096406,
        "donor_energy_a": -266.394878215056,
        "donor_energy_h": -266.39402596406,
        "donor_r": 0.966208,
        "donor_v": 3644.314,
        "donor_w": 3838.674,
        "dre": 2.788299999999999,
        "dv": 600.020,
        "dw": 575.762
    },
    "enoloneco_h2o_avdz": {
        "acceptor": "h2o",
        "acceptor_energy": -76.260909722403,
        "acceptor_energy_a": -76.23992804909622,
        "acceptor_energy_h": -76.239582722403,
        "basis": "avdz",
        "dEe": 8.89927247943831,
        "dEoa": 7.245272479438305,
        "dEoh": 7.074502479438305,
        "dimer_energy": -342.73122549451,
        "dimer_energy_a": -342.6418804745897,
        "dimer_energy_h": -342.64038649451,
        "dimer_r": 0.979537,
        "dimer_v": 3395.652,
        "dimer_w": 3569.552,
        "donor": "enoloneco",
        "donor_energy": -266.45613366457,
        "donor_energy_a": -266.3904061745302,
        "donor_energy_h": -266.38952966457003,
        "donor_r": 0.967525,
        "donor_v": 3625.294,
        "donor_w": 3818.214,
        "dre": 1.2012000000000023,
        "dv": 229.64199999999983,
        "dw": 248.6619999999998
    },
    "enoloneco_nh3_avdz": {
        "acceptor": "nh3",
        "acceptor_energy": -56.404889872442,
        "acceptor_energy_a": -56.370724135390205,
        "acceptor_energy_h": -56.370501872442,
        "basis": "avdz",
        "dEe": 12.078850521699138,
        "dEoa": 10.49385052169913,
        "dEoh": 10.170623021699138,
        "dimer_energy": -322.88027270119,
        "dimer_energy_a": -322.777853577684,
        "dimer_energy_h": -322.77623970119,
        "dimer_r": 0.994508,
        "dimer_v": 3105.03,
        "dimer_w": 3235.184,
        "donor": "enoloneco",
        "donor_energy": -266.45613366457,
        "donor_energy_a": -266.3904061745302,
        "donor_energy_h": -266.38952966457003,
        "donor_r": 0.967525,
        "donor_v": 3625.294,
        "donor_w": 3818.214,
        "dre": 2.698299999999998,
        "dv": 587.099,
        "dw": 557.192
    },
    "enolonetc2_h2o_avdz": {
        "acceptor": "h2o",
        "acceptor_energy": -76.260909722403,
        "acceptor_energy_a": -76.23992804909622,
        "acceptor_energy_h": -76.239582722403,
        "basis": "avdz",
        "dEe": 9.074002678227373,
        "dEoa": 7.469002678227373,
        "dEoh": 7.234800178227371,
        "dimer_energy": -342.74082501673,
        "dimer_energy_a": -342.65143856254673,
        "dimer_energy_h": -342.64982601673,
        "dimer_r": 0.982279,
        "dimer_v": 3356.406,
        "dimer_w": 3534.861,
        "donor": "enolonetc2",
        "donor_energy": -266.46545473229,
        "donor_energy_a": -266.3996077203378,
        "donor_energy_h": -266.39871373229005,
        "donor_r": 0.970613,
        "donor_v": 3580.942,
        "donor_w": 3774.616,
        "dre": 1.1666000000000065,
        "dv": 224.53600000000006,
        "dw": 239.7550000000001
    },
    "enolonetc2_nh3_avdz": {
        "acceptor": "nh3",
        "acceptor_energy": -56.404889872442,
        "acceptor_energy_a": -56.370724135390205,
        "acceptor_energy_h": -56.370501872442,
        "basis": "avdz",
        "dEe": 12.634441638333413,
        "dEoa": 10.955441638333424,
        "dEoh": 10.62769663833341,
        "dimer_energy": -322.89047917308,
        "dimer_energy_a": -322.78779072686484,
        "dimer_energy_h": -322.78615217308,
        "dimer_r": 0.999855,
        "dimer_v": 3095.224,
        "dimer_w": 3212.975,
        "donor": "enolonetc2",
        "donor_energy": -266.46545473229,
        "donor_energy_a": -266.3996077203378,
        "donor_energy_h": -266.39871373229005,
        "donor_r": 0.970613,
        "donor_v": 3580.942,
        "donor_w": 3774.616,
        "dre": 2.92420000000001,
        "dv": 678.634,
        "dw": 610.851
    },
    "enolonetc_h2o_avdz": {
        "acceptor": "h2o",
        "acceptor_energy": -76.260909722403,
        "acceptor_energy_a": -76.23992804909622,
        "acceptor_energy_h": -76.239582722403,
        "basis": "avdz",
        "dEe": 8.783058230744558,
        "dEoa": 7.150058230744563,
        "dEoh": 6.92126573074456,
        "dimer_energy": -342.73726354617,
        "dimer_energy_a": -342.64782290871983,
        "dimer_energy_h": -342.64622254617,
        "dimer_r": 0.981704,
        "dimer_v": 3365.218,
        "dimer_w": 3544.895,
        "donor": "enolonetc",
        "donor_energy": -266.46235691822,
        "donor_energy_a": -266.39650034451483,
        "donor_energy_h": -266.39560991822,
        "donor_r": 0.97059,
        "donor_v": 3579.222,
        "donor_w": 3773.152,
        "dre": 1.1114000000000068,
        "dv": 214.00400000000036,
        "dw": 228.25700000000006
    },
    "enolonetc_nh3_avdz": {
        "acceptor": "nh3",
        "acceptor_energy": -56.404889872442,
        "acceptor_energy_a": -56.370724135390205,
        "acceptor_energy_h": -56.370501872442,
        "basis": "avdz",
        "dEe": 11.898951800001782,
        "dEoa": 10.25095180000179,
        "dEoh": 9.943034300001786,
        "dimer_energy": -322.88620926365,
        "dimer_energy_a": -322.7835606580723,
        "dimer_energy_h": -322.78195726365004,
        "dimer_r": 0.997509,
        "dimer_v": 3087.631,
        "dimer_w": 3228.073,
        "donor": "enolonetc",
        "donor_energy": -266.46235691822,
        "donor_energy_a": -266.39650034451483,
        "donor_energy_h": -266.39560991822,
        "donor_r": 0.97059,
        "donor_v": 3579.222,
        "donor_w": 3773.152,
        "dre": 2.6919000000000026,
        "dv": 606.830,
        "dw": 566.688
    },
    "enoloneto2_h2o_avdz": {
        "acceptor": "h2o",
        "acceptor_energy": -76.260909722403,
        "acceptor_energy_a": -76.23992804909622,
        "acceptor_energy_h": -76.239582722403,
        "basis": "avdz",
        "dEe": 9.308053878126685,
        "dEoa": 7.5760538781266895,
        "dEoh": 7.4230438781266805,
        "dimer_energy": -342.73907066896,
        "dimer_energy_a": -342.6497623024261,
        "dimer_energy_h": -342.64827366896,
        "dimer_r": 0.979165,
        "dimer_v": 3399.115,
        "dimer_w": 3574.847,
        "donor": "enoloneto2",
        "donor_energy": -266.46332739456,
        "donor_energy_a": -266.3977608606954,
        "donor_energy_h": -266.39686139456,
        "donor_r": 0.966889,
        "donor_v": 3635.155,
        "donor_w": 3828.955,
        "dre": 1.2275999999999954,