{
    "acoht_h2o_avdz": {
        "acceptor": "h2o",
        "acceptor_energy": -76.260909722403,
        "acceptor_energy_a": -76.23992804909622,
        "acceptor_energy_h": -76.239582722403,
        "basis": "avdz",
        "dEe": 8.345196273320141,
        "dEoa": 6.768196273320145,
        "dEoh": 6.6158062733201355,
        "dimer_energy": -304.79016982675,
        "dimer_energy_a": -304.7060678347181,
        "dimer_energy_h": -304.70464282675,
        "dimer_r": 0.979464,
        "dimer_v": 3423.285,
        "dimer_w": 3586.939,
        "donor": "acoht",
        "donor_energy": -228.51596098678,
        "donor_energy_a": -228.45535381546526,
        "donor_energy_h": -228.45451698678,
        "donor_r": 0.968966,
        "donor_v": 3611.629,
        "donor_w": 3800.7,
        "dre": 1.0498000000000007,
        "dv": 188.34400000000005,
        "dw": 213.76099999999997
    },
    "acoht_nh3_avdz": {
        "acceptor": "nh3",
        "acceptor_energy": -56.404889872442,
        "acceptor_energy_a": -56.370724135390205,
        "acceptor_energy_h": -56.370501872442,
        "basis": "avdz",
        "dEe": 11.205271201000357,
        "dEoa": 9.584271201000359,
        "dEoh": 9.29139620100036,
        "dimer_energy": -284.93870786512,
        "dimer_energy_a": -284.84135168982124,
        "dimer_energy_h": -284.83982586512,
        "dimer_r": 0.991839,
        "dimer_v": 3133.233,
        "dimer_w": 3327.714,
        "donor": "acoht",
        "donor_energy": -228.51596098678,
        "donor_energy_a": -228.45535381546526,
        "donor_energy_h": -228.45451698678,
        "donor_r": 0.968966,
        "donor_v": 3611.629,
        "donor_w": 3800.7,
        "dre": 2.287300000000003,
        "dv": 478.39599999999973,
        "dw": 472.9859999999999
    },
    "hcooht_h2o_avdz": {
        "acceptor": "h2o",
        "acceptor_energy": -76.260909722403,
        "acceptor_energy_a": -76.23992804909622,
        "acceptor_energy_h": -76.239582722403,
        "basis": "avdz",
        "dEe": 8.636518877367365,
        "dEoa": 6.975518877367366,
        "dEoh": 6.8111213773673684,
        "dimer_energy": -265.59454561573,
        "dimer_energy_a": -265.53809461971406,
        "dimer_energy_h": -265.53702361573,
        "dimer_r": 0.981198,
        "dimer_v": 3388.747,
        "dimer_w": 3558.569,
        "donor": "hcooht",
        "donor_energy": -189.31987251663,
        "donor_energy_a": -189.28705020587302,
        "donor_energy_h": -189.28658651663,
        "donor_r": 0.969828,
        "donor_v": 3601.722,
        "donor_w": 3793.16,
        "dre": 1.1369999999999991,
        "dv": 212.97500000000036,
        "dw": 234.5909999999999
    },
    "hcooht_h2o_avtz": {
        "acceptor": "h2o",
        "acceptor_energy": -76.328992281222,
        "acceptor_energy_a": -76.30791020950885,
        "acceptor_energy_h": -76.307585281222,
        "basis": "avtz",
        "dEe": 8.575283437092196,
        "dEoa": 6.966283437092199,
        "dEoh": 6.800085937092197,
        "dimer_energy": -265.8226550473,
        "dimer_energy_a": -265.7659490712044,
        "dimer_energy_h": -265.76491504729995,
        "dimer_r": 0.977461,
        "dimer_v": 3411.819,
        "dimer_w": 3569.332,
        "donor": "hcooht",
        "donor_energy": -189.47999697574,
        "donor_energy_a": -189.44693721478382,
        "donor_energy_h": -189.44649297574,
        "donor_r": 0.965513,
        "donor_v": 3631.947,
        "donor_w": 3810.476,
        "dre": 1.194800000000007,
        "dv": 220.12800000000016,
        "dw": 241.14400000000023
    },
    "hcooht_nh3_avdz": {
        "acceptor": "nh3",
        "acceptor_energy": -56.404889872442,
        "acceptor_energy_a": -56.370724135390205,
        "acceptor_energy_h": -56.370501872442,
        "basis": "avdz",
        "dEe": 11.705016311122094,
        "dEoa": 10.111016311122098,
        "dEoh": 9.767296311122099,
        "dimer_energy": -245.74341580152,
        "dimer_energy_a": -245.6738875146674,
        "dimer_energy_h": -245.67265380152,
        "dimer_r": 0.995374,
        "dimer_v": 3040.665,
        "dimer_w": 3264.508,
        "donor": "hcooht",
        "donor_energy": -189.31987251663,
        "donor_energy_a": -189.28705020587302,
        "donor_energy_h": -189.28658651663,
        "donor_r": 0.969828,
        "donor_v": 3601.722,
        "donor_w": 3793.16,
        "dre": 2.5545999999999958,
        "dv": 551.226,
        "dw": 528.652
    },
    "hcooht_nh3_avtz": {
        "acceptor": "nh3",
        "acceptor_energy": -56.460540520131,
        "acceptor_energy_a": -56.426534145629006,
        "acceptor_energy_h": -56.425965520131,
        "basis": "avtz",
        "dEe": 11.469072502830926,
        "dEoa": 9.706072502830924,
        "dEoh": 9.534490002830925,
        "dimer_energy": -245.95881490225,
        "dimer_energy_a": -245.88893920503884,
        "dimer_energy_h": -245.88765290225,
        "dimer_r": 0.992015,
        "dimer_v": 3066.001,
        "dimer_w": 3270.739,
        "donor": "hcooht",
        "donor_energy": -189.47999697574,
        "donor_energy_a": -189.44693721478382,
        "donor_energy_h": -189.44649297574,
        "donor_r": 0.965513,
        "donor_v": 3631.947,
        "donor_w": 3810.476,
        "dre": 2.6502000000000026,
        "dv": 557.989,
        "dw": 539.7370000000001
    }
}