{
    "aconh2t_h2o_avdz": {
        "acceptor": "h2o",
        "acceptor_energy": -76.260909722403,
        "acceptor_energy_a": -76.23992804909622,
        "acceptor_energy_h": -76.239582722403,
        "basis": "avdz",
        "dEe": 5.932450709922676,
        "dEoa": 7.158450709922674,
        "dEoh": 4.197413209922674,
        "dimer_energy": -284.94002197986,
        "dimer_energy_a": -284.8445574380273,
        "dimer_energy_h": -284.84281997986,
        "dimer_r": 1.014128,
        "dimer_v": 3408.308,
        "dimer_w": 3564.436,
        "donor": "aconh2t",
        "donor_energy": -208.66965815274,
        "donor_energy_a": -208.59322149935355,
        "donor_energy_h": -208.59654815273998,
        "donor_r": 1.009247,
        "donor_v": 3445.375,
        "donor_w": 3689.0654999999997,
        "dre": 0.4880999999999913,
        "dv":-21.412,
        "dw": 55.172
    },
    "aconh2t_nh3_avdz": {
        "acceptor": "nh3",
        "acceptor_energy": -56.404889872442,
        "acceptor_energy_a": -56.370724135390205,
        "acceptor_energy_h": -56.370501872442,
        "basis": "avdz",
        "dEe": 7.411606680940395,
        "dEoa": 8.573606680940397,
        "dEoh": 5.512791680940394,
        "dimer_energy": -265.08635935057,
        "dimer_energy_a": -264.9776087529604,
        "dimer_energy_h": -264.97583535057,
        "dimer_r": 1.020431,
        "dimer_v": 3014.072,
        "dimer_w": 3462.746,
        "donor": "aconh2t",
        "donor_energy": -208.66965815274,
        "donor_energy_a": -208.59322149935355,
        "donor_energy_h": -208.59654815273998,
        "donor_r": 1.009247,
        "donor_v": 3445.375,
        "donor_w": 3689.0654999999997,
        "dre": 1.1184000000000083,
        "dv": 139.401,
        "dw": 226.3194999999996
    },
    "aconmeht_h2o_avdz": {
        "acceptor": "h2o",
        "acceptor_energy": -76.260909722403,
        "acceptor_energy_a": -76.23992804909622,
        "acceptor_energy_h": -76.239582722403,
        "basis": "avdz",
        "dEe": 6.018431814134146,
        "dEoa": 5.25943181413414,
        "dEoh": 4.547571814134138,
        "dimer_energy": -324.11849679594,
        "dimer_energy_a": -323.99526492343006,
        "dimer_energy_h": -323.99301879594003,
        "dimer_r": 1.014835,
        "dimer_v": 3450.466,
        "dimer_w": 3610.508,
        "donor": "aconmeht",
        "donor_energy": -247.84799594714,
        "donor_energy_a": -247.74695530968978,
        "donor_energy_h": -247.74618894713998,
        "donor_r": 1.010433,
        "donor_v": 3485.235,
        "donor_w": 3679.141,
        "dre": 0.4402000000000017,
        "dv": 34.76900000000023,
        "dw": 68.63300000000027
    },
    "aconmeht_nh3_avdz": {
        "acceptor": "nh3",
        "acceptor_energy": -56.404889872442,
        "acceptor_energy_a": -56.370724135390205,
        "acceptor_energy_h": -56.370501872442,
        "basis": "avdz",
        "dEe": 7.626005948823433,
        "dEoa": 6.636005948823428,
        "dEoh": 5.971915948823433,
        "dimer_energy": -304.26503881711,
        "dimer_energy_a": -304.12825475336496,
        "dimer_energy_h": -304.12620781711,
        "dimer_r": 1.021307,
        "dimer_v": 3043.693,
        "dimer_w": 3469.873,
        "donor": "aconmeht",
        "donor_energy": -247.84799594714,
        "donor_energy_a": -247.74695530968978,
        "donor_energy_h": -247.74618894713998,
        "donor_r": 1.010433,
        "donor_v": 3485.235,
        "donor_w": 3679.141,
        "dre": 1.087400000000005,
        "dv": 149.541,
        "dw": 195.922
    },
    "hconh2t_h2o_avdz": {
        "acceptor": "h2o",
        "acceptor_energy": -76.260909722403,
        "acceptor_energy_a": -76.23992804909622,
        "acceptor_energy_h": -76.239582722403,
        "basis": "avdz",
        "dEe": 5.724742455749379,
        "dEoa": 4.806742455749379,
        "dEoh": 4.300944955749374,
        "dimer_energy": -245.74432253558,
        "dimer_energy_a": -245.67684683836885,
        "dimer_energy_h": -245.67536753558002,
        "dimer_r": 1.015438,
        "dimer_v": 3408.755,
        "dimer_w": 3552.347,
        "donor": "hconh2t",
        "donor_energy": -169.47428971763,
        "donor_energy_a": -169.4292586419328,
        "donor_energy_h": -169.42893071763,
        "donor_r": 1.009907,
        "donor_v": 3491.436,
        "donor_w": 3683.1765,
        "dre": 0.5530999999999953,
        "dv": 27.605,
        "dw": 62.541
    },
    "hconh2t_h2o_avtz": {
        "acceptor": "h2o",
        "acceptor_energy": -76.328992281222,
        "acceptor_energy_a": -76.30791020950885,
        "acceptor_energy_h": -76.307585281222,
        "basis": "avtz",
        "dEe": 5.543359621842612,
        "dEoa": 4.832359621842609,
        "dEoh": 4.131484621842611,
        "dimer_energy": -245.95859611026,
        "dimer_energy_a": -245.89041921782973,
        "dimer_energy_h": -245.88950811026,
        "dimer_r": 1.008686,
        "dimer_v": 3408.314,
        "dimer_w": 3561.253,
        "donor": "hconh2t",
        "donor_energy": -169.6207697898,
        "donor_energy_a": -169.57480803681196,
        "donor_energy_h": -169.57533878979999,
        "donor_r": 1.002851,
        "donor_v": 3499.5395,
        "donor_w": 3691.5355,
        "dre": 0.5835000000000035,
        "dv": 37.639,
        "dw": 66.971
    },
    "hconh2t_nh3_avdz": {
        "acceptor": "nh3",
        "acceptor_energy": -56.404889872442,
        "acceptor_energy_a": -56.370724135390205,
        "acceptor_energy_h": -56.370501872442,
        "basis": "avdz",
        "dEe": 7.289997971617268,
        "dEoa": 6.774997971617274,
        "dEoh": 5.591982971617268,
        "dimer_energy": -225.89079711672,
        "dimer_energy_a": -225.81077958683952,
        "dimer_energy_h": -225.80834411672,
        "dimer_r": 1.022115,
        "dimer_v": 2235.0,
        "dimer_w": 3442.192,
        "donor": "hconh2t",
        "donor_energy": -169.47428971763,
        "donor_energy_a": -169.4292586419328,
        "donor_energy_h": -169.42893071763,
        "donor_r": 1.009907,
        "donor_v": 3491.436,
        "donor_w": 3683.1765,
        "dre": 1.2207999999999997,
        "dv": 199.172,
        "dw": 240.98450000000003
    },
    "hconh2t_nh3_avtz": {
        "acceptor": "nh3",
        "acceptor_energy": -56.460540520131,
        "acceptor_energy_a": -56.426534145629006,
        "acceptor_energy_h": -56.425965520131,
        "basis": "avtz",
        "dEe": 6.851358856064067,
        "dEoa": 5.885358856064064,
        "dEoh": 5.139538856064062,
        "dimer_energy": -226.0922288101,
        "dimer_energy_a": -226.0107212403789,
        "dimer_energy_h": -226.00949481010002,
        "dimer_r": 1.01532,
        "dimer_v": 3079.497,
        "dimer_w": 3450.294,
        "donor": "hconh2t",
        "donor_energy": -169.6207697898,
        "donor_energy_a": -169.57480803681196,
        "donor_energy_h": -169.57533878979999,
        "donor_r": 1.002851,
        "donor_v": 3499.5395,
        "donor_w": 3691.5355,
        "dre": 1.2469000000000063,
        "dv": 200.514,
        "dw": 241.2415000000001
    },
    "hconmeht_h2o_avdz": {
        "acceptor": "h2o",
        "acceptor_energy": -76.260909722403,
        "acceptor_energy_a": -76.23992804909622,
        "acceptor_energy_h": -76.239582722403,
        "basis": "avdz",
        "dEe": 5.849115679096144,
        "dEoa": 5.443115679096146,
        "dEoh": 4.420298179096143,
        "dimer_energy": -284.92261970212,
        "dimer_energy_a": -284.8266961961439,
        "dimer_energy_h": -284.82499870212,
        "dimer_r": 1.01636,
        "dimer_v": 3440.969,
        "dimer_w": 3588.408,
        "donor": "hconmeht",
        "donor_energy": -208.65238867983,
        "donor_energy_a": -208.57809385911287,
        "donor_energy_h": -208.57837167983,
        "donor_r": 1.011388,
        "donor_v": 3470.563,
        "donor_w": 3669.79,
        "dre": 0.49719999999999764,
        "dv": 29.59400000000005,