{
    "foh_h2o_avdz": {
        "acceptor": "h2o",
        "acceptor_energy": -76.260909722403,
        "acceptor_energy_a": -76.23992804909622,
        "acceptor_energy_h": -76.239582722403,
        "basis": "avdz",
        "dEe": 8.300736498970949,
        "dEoa": 6.3317364989709475,
        "dEoh": 6.1396264989709515,
        "dimer_energy": -251.45456797534,
        "dimer_energy_a": -251.4168309235472,
        "dimer_energy_h": -251.41597297534003,
        "dimer_r": 0.986916,
        "dimer_v": 3350.035,
        "dimer_w": 3502.248,
        "donor": "foh",
        "donor_energy": -175.1804299876,
        "donor_energy_a": -175.16681245771952,
        "donor_energy_h": -175.1666059876,
        "donor_r": 0.974942,
        "donor_v": 3554.876,
        "donor_w": 3743.506,
        "dre": 1.197400000000004,
        "dv": 204.84100000000035,
        "dw": 241.2579999999998
    },
    "foh_h2o_avtz": {
        "acceptor": "h2o",
        "acceptor_energy": -76.328992281222,
        "acceptor_energy_a": -76.30791020950885,
        "acceptor_energy_h": -76.307585281222,
        "basis": "avtz",
        "dEe": 8.122231518114873,
        "dEoa": 6.173231518114872,
        "dEoh": 5.979319018114872,
        "dimer_energy": -251.66864674971,
        "dimer_energy_a": -251.630649936961,
        "dimer_energy_h": -251.62981674971002,
        "dimer_r": 0.982592,
        "dimer_v": 3379.916,
        "dimer_w": 3518.591,
        "donor": "foh",
        "donor_energy": -175.32671067324,
        "donor_energy_a": -175.31290190829975,
        "donor_energy_h": -175.31270267324,
        "donor_r": 0.969848,
        "donor_v": 3587.239,
        "donor_w": 3763.813,
        "dre": 1.2743999999999978,
        "dv": 207.32299999999987,
        "dw": 245.2220000000002
    },
    "foh_nh3_avdz": {
        "acceptor": "nh3",
        "acceptor_energy": -56.404889872442,
        "acceptor_energy_a": -56.370724135390205,
        "acceptor_energy_h": -56.370501872442,
        "basis": "avdz",
        "dEe": 11.683245386859795,
        "dEoa": 9.697245386859795,
        "dEoh": 9.342670386859798,
        "dimer_energy": -231.60393857779,
        "dimer_energy_a": -231.5529903706187,
        "dimer_energy_h": -231.55199657779,
        "dimer_r": 0.999909,
        "dimer_v": 2899.368,
        "dimer_w": 3236.145,
        "donor": "foh",
        "donor_energy": -175.1804299876,
        "donor_energy_a": -175.16681245771952,
        "donor_energy_h": -175.1666059876,
        "donor_r": 0.974942,
        "donor_v": 3554.876,
        "donor_w": 3743.506,
        "dre": 2.4967000000000072,
        "dv": 562.371,
        "dw": 507.3609999999999
    },
    "foh_nh3_avtz": {
        "acceptor": "nh3",
        "acceptor_energy": -56.460540520131,
        "acceptor_energy_a": -56.426534145629006,
        "acceptor_energy_h": -56.425965520131,
        "basis": "avtz",
        "dEe": 11.294671816869126,
        "dEoa": 9.07967181686912,
        "dEoh": 8.991746816869126,
        "dimer_energy": -231.80525067037,
        "dimer_energy_a": -231.75390565044967,
        "dimer_energy_h": -231.75299767036998,
        "dimer_r": 0.995971,
        "dimer_v": 2922.234,
        "dimer_w": 3250.791,
        "donor": "foh",
        "donor_energy": -175.32671067324,
        "donor_energy_a": -175.31290190829975,
        "donor_energy_h": -175.31270267324,
        "donor_r": 0.969848,
        "donor_v": 3587.239,
        "donor_w": 3763.813,
        "dre": 2.6123000000000007,
        "dv": 560.380,
        "dw": 513.0219999999999
    },
    "h2o2_h2o_avdz": {
        "acceptor": "h2o",
        "acceptor_energy": -76.260909722403,
        "acceptor_energy_a": -76.23992804909622,
        "acceptor_energy_h": -76.239582722403,
        "basis": "avdz",
        "dEe": 7.6261255873424005,
        "dEoa": 5.427125587342402,
        "dEoh": 5.246018087342402,
        "dimer_energy": -227.49109305239,
        "dimer_energy_a": -227.44082054242983,
        "dimer_energy_h": -227.43969705239,
        "dimer_r": 0.980932,
        "dimer_v": 3422.522,
        "dimer_w": 3596.264,
        "donor": "h2o2",
        "donor_energy": -151.2180301418,
        "donor_energy_a": -151.19224368761672,
        "donor_energy_h": -151.1917541418,
        "donor_r": 0.971649,
        "donor_v": 3574.7,
        "donor_w": 3768.0045,
        "dre": 0.9283000000000041,
        "dv": 152.17799999999988,
        "dw": 171.74049999999988
    },
    "h2o2_h2o_avtz": {
        "acceptor": "h2o",
        "acceptor_energy": -76.328992281222,
        "acceptor_energy_a": -76.30791020950885,
        "acceptor_energy_h": -76.307585281222,
        "basis": "avtz",
        "dEe": 7.501412221965111,
        "dEoa": 5.308412221965106,
        "dEoh": 5.098714721965112,
        "dimer_energy": -227.68893307768,
        "dimer_energy_a": -227.63833228086725,
        "dimer_energy_h": -227.63720907767998,
        "dimer_r": 0.976299,
        "dimer_v": 3452.961,
        "dimer_w": 3613.501,
        "donor": "h2o2",
        "donor_energy": -151.34798635467,
        "donor_energy_a": -151.32196245028754,
        "donor_energy_h": -151.32149835467,
        "donor_r": 0.966809,
        "donor_v": 3606.1005,
        "donor_w": 3786.991,
        "dre": 0.9489999999999998,
        "dv": 153.13950000000023,
        "dw": 173.48999999999978
    },
    "h2o2_nh3_avdz": {
        "acceptor": "nh3",
        "acceptor_energy": -56.404889872442,
        "acceptor_energy_a": -56.370724135390205,
        "acceptor_energy_h": -56.370501872442,
        "basis": "avdz",
        "dEe": 9.500511096812971,
        "dEoa": 7.73851109681298,
        "dEoh": 7.402151096812975,
        "dimer_energy": -207.63806027097,
        "dimer_energy_a": -207.57530011160745,
        "dimer_energy_h": -207.57405227097,
        "dimer_r": 0.990903,
        "dimer_v": 3205.547,
        "dimer_w": 3376.179,
        "donor": "h2o2",
        "donor_energy": -151.2180301418,
        "donor_energy_a": -151.19224368761672,
        "donor_energy_h": -151.1917541418,
        "donor_r": 0.971649,
        "donor_v": 3574.7,
        "donor_w": 3768.0045,
        "dre": 1.9253999999999993,
        "dv": 369.1529999999998,
        "dw": 391.8254999999999
    },
    "h2o2_nh3_avtz": {
        "acceptor": "nh3",
        "acceptor_energy": -56.460540520131,
        "acceptor_energy_a": -56.426534145629006,
        "acceptor_energy_h": -56.425965520131,
        "basis": "avtz",
        "dEe": 9.180030287718353,
        "dEoa": 7.189030287718355,
        "dEoh": 7.07225778771836,
        "dimer_energy": -207.82315640514,
        "dimer_energy_a": -207.759953217889,
        "dimer_energy_h": -207.75873440514,
        "dimer_r": 0.986792,
        "dimer_v": 3233.033,
        "dimer_w": 3391.548,
        "donor": "h2o2",
        "donor_energy": -151.34798635467,
        "donor_energy_a": -151.32196245028754,
        "donor_energy_h": -151.32149835467,
        "donor_r": 0.966809,
        "donor_v": 3606.1005,
        "donor_w": 3786.991,
        "dre": 1.9982999999999973,
        "dv": 373.0675000000001,
        "dw": 395.4430000000002
    },
    "hclo4_h2o_avdz": {
        "acceptor": "h2o",
        "acceptor_energy": -76.260909722403,
        "acceptor_energy_a": -76.23992804909622,
        "acceptor_energy_h": -76.239582722403,
        "basis": "avdz",
        "dEe": 11.7888210816011,
        "dEoa": 9.630821081601098,
        "dEoh": 9.423146081601093,
        "dimer_energy": -836.40758953262,
        "dimer_energy_a": -836.3573696123013,
        "dimer_energy_h": -836.35640953262,
        "dimer_r": 1.006191,
        "dimer_v": 2964.114,
        "dimer_w": 3169.708,
        "donor": "hclo4",
        "donor_energy": -760.12789284435,
        "donor_energy_a": -760.1020936411627,
        "donor_energy_h": -760.10180984435,
        "donor_r": 0.981036,
        "donor_v": 3480.869,
        "donor_w": 3663.212,
        "dre": 2.515500000000004,
        "dv": 516.7550000000001,