{
    "enolc_h2o_avdz": {
        "acceptor": "h2o",
        "acceptor_energy": -76.260909722403,
        "acceptor_energy_a": -76.23992804909622,
        "acceptor_energy_h": -76.239582722403,
        "basis": "avdz",
        "dEe": 6.948392894587485,
        "dEoa": 5.408392894587488,
        "dEoh": 5.204570394587483,
        "dimer_energy": -229.67270965556,
        "dimer_energy_a": -229.59354152806995,
        "dimer_energy_h": -229.59205565556,
        "dimer_r": 0.977869,
        "dimer_v": 3442.536,
        "dimer_w": 3617.549,
        "donor": "enolc",
        "donor_energy": -153.40072679707,
        "donor_energy_a": -153.34499452615367,
        "donor_energy_h": -153.34417879707001,
        "donor_r": 0.969344,
        "donor_v": 3596.93,
        "donor_w": 3790.647,
        "dre": 0.8525000000000005,
        "dv": 154.39399999999978,
        "dw": 173.09799999999996
    },
    "enolc_h2o_avtz": {
        "acceptor": "h2o",
        "acceptor_energy": -76.328992281222,
        "acceptor_energy_a": -76.30791020950885,
        "acceptor_energy_h": -76.307585281222,
        "basis": "avtz",
        "dEe": 6.71662911479217,
        "dEoa": 44.37162911479217,
        "dEoh": 5.036184114792161,
        "dimer_energy": -229.87793205573,
        "dimer_energy_a": -229.86085476489336,
        "dimer_energy_h": -229.79712305573003,
        "dimer_r": 0.973904,
        "dimer_v": 3443.329,
        "dimer_w": 3628.869,
        "donor": "enolc",
        "donor_energy": -153.53823598309,
        "donor_energy_a": -153.482232795839,
        "donor_energy_h": -153.48151198309,
        "donor_r": 0.965082,
        "donor_v": 3624.755,
        "donor_w": 3806.21,
        "dre": 0.8821999999999997,
        "dv": 181.42599999999993,
        "dw": 177.3409999999999
    },
    "enolc_nh3_avdz": {
        "acceptor": "nh3",
        "acceptor_energy": -56.404889872442,
        "acceptor_energy_a": -56.370724135390205,
        "acceptor_energy_h": -56.370501872442,
        "basis": "avdz",
        "dEe": 9.562962745674923,
        "dEoa": 7.97296274567493,
        "dEoh": 7.651597745674928,
        "dimer_energy": -209.82085645078,
        "dimer_energy_a": -209.72842457827005,
        "dimer_energy_h": -209.72687445078,
        "dimer_r": 0.989478,
        "dimer_v": 3173.906,
        "dimer_w": 3371.831,
        "donor": "enolc",
        "donor_energy": -153.40072679707,
        "donor_energy_a": -153.34499452615367,
        "donor_energy_h": -153.34417879707001,
        "donor_r": 0.969344,
        "donor_v": 3596.93,
        "donor_w": 3790.647,
        "dre": 2.0133999999999985,
        "dv": 423.0239999999999,
        "dw": 418.8159999999998
    },
    "enolc_nh3_avtz": {
        "acceptor": "nh3",
        "acceptor_energy": -56.460540520131,
        "acceptor_energy_a": -56.426534145629006,
        "acceptor_energy_h": -56.425965520131,
        "basis": "avtz",
        "dEe": 9.070032449330583,
        "dEoa": 25.62403244933058,
        "dEoh": 7.235849949330577,
        "dimer_energy": -210.0132307382,
        "dimer_energy_a": -209.94960205294103,
        "dimer_energy_h": -209.9190087382,
        "dimer_r": 0.985725,
        "dimer_v": 3164.103,
        "dimer_w": 3380.829,
        "donor": "enolc",
        "donor_energy": -153.53823598309,
        "donor_energy_a": -153.482232795839,
        "donor_energy_h": -153.48151198309,
        "donor_r": 0.965082,
        "donor_v": 3624.755,
        "donor_w": 3806.21,
        "dre": 2.0642999999999967,
        "dv": 460.65200000000004,
        "dw": 425.38099999999986
    },
    "enolt_h2o_avdz": {
        "acceptor": "h2o",
        "acceptor_energy": -76.260909722403,
        "acceptor_energy_a": -76.23992804909622,
        "acceptor_energy_h": -76.239582722403,
        "basis": "avdz",
        "dEe": 7.323864221297356,
        "dEoa": 5.677864221297355,
        "dEoh": 5.499721721297352,
        "dimer_energy": -229.67119149017,
        "dimer_energy_a": -229.5921636017238,
        "dimer_energy_h": -229.59075249017,
        "dimer_r": 0.974623,
        "dimer_v": 3492.348,
        "dimer_w": 3659.702,
        "donor": "enolt",
        "donor_energy": -153.398610271,
        "donor_energy_a": -153.3431871634303,
        "donor_energy_h": -153.342405271,
        "donor_r": 0.965355,
        "donor_v": 3654.219,
        "donor_w": 3850.545,
        "dre": 0.9268000000000054,
        "dv": 161.8710000000001,
        "dw": 190.84299999999985
    },
    "enolt_h2o_avtz": {
        "acceptor": "h2o",
        "acceptor_energy": -76.328992281222,
        "acceptor_energy_a": -76.30791020950885,
        "acceptor_energy_h": -76.307585281222,
        "basis": "avtz",
        "dEe": 7.139337179422398,
        "dEoa": 5.588337179422396,
        "dEoh": 5.388612179422397,
        "dimer_energy": -229.87642729797,
        "dimer_energy_a": -229.79717789557955,
        "dimer_energy_h": -229.79583629797,
        "dimer_r": 0.970631,
        "dimer_v": 3521.547,
        "dimer_w": 3671.281,
        "donor": "enolt",
        "donor_energy": -153.53605758698,
        "donor_energy_a": -153.48036196945012,
        "donor_energy_h": -153.47966358698,
        "donor_r": 0.960985,
        "donor_v": 3683.946,
        "donor_w": 3867.784,
        "dre": 0.9646000000000043,
        "dv": 162.3989999999999,
        "dw": 196.50300000000016
    },
    "enolt_nh3_avdz": {
        "acceptor": "nh3",
        "acceptor_energy": -56.404889872442,
        "acceptor_energy_a": -56.370724135390205,
        "acceptor_energy_h": -56.370501872442,
        "basis": "avdz",
        "dEe": 10.00440079425438,
        "dEoa": 8.377400794254388,
        "dEoh": 8.030285794254382,
        "dimer_energy": -209.81944341164,
        "dimer_energy_a": -209.72726173833323,
        "dimer_energy_h": -209.72570441164,
        "dimer_r": 0.985981,
        "dimer_v": 3157.809,
        "dimer_w": 3418.55,
        "donor": "enolt",
        "donor_energy": -153.398610271,
        "donor_energy_a": -153.3431871634303,
        "donor_energy_h": -153.342405271,
        "donor_r": 0.965355,
        "donor_v": 3654.219,
        "donor_w": 3850.545,
        "dre": 2.0626000000000033,
        "dv": 429.753,
        "dw": 431.9949999999999
    },
    "enolt_nh3_avtz": {
        "acceptor": "nh3",
        "acceptor_energy": -56.460540520131,
        "acceptor_energy_a": -56.426534145629006,
        "acceptor_energy_h": -56.425965520131,
        "basis": "avtz",
        "dEe": 9.639837821492847,
        "dEoa": 53.07883782149285,
        "dEoh": 7.710902821492843,
        "dimer_energy": -210.01196039846,
        "dimer_energy_a": -209.99148390443608,
        "dimer_energy_h": -209.91791739846,
        "dimer_r": 0.982286,
        "dimer_v": 3185.831,
        "dimer_w": 3426.833,
        "donor": "enolt",
        "donor_energy": -153.53605758698,
        "donor_energy_a": -153.48036196945012,
        "donor_energy_h": -153.47966358698,
        "donor_r": 0.960985,
        "donor_v": 3683.946,
        "donor_w": 3867.784,
        "dre": 2.1301000000000014,
        "dv": 467.547,
        "dw": 440.951
    }
}